param,post_mean,post_sd,q05,q50,q95
nu,0.40140576226077973,0.17842002054960282,0.14807633087038993,0.37523676455020905,0.7313780546188354
r,9.007810844182968,1.5438670156484755,6.415189623832703,9.041013717651367,11.592863368988038
muT,197.74866780090332,7.715471697447404,185.62169189453124,197.778076171875,210.4147575378418
beta,0.38805997786638907,0.2629031947008962,0.0291126080788672,0.3524128943681717,0.861032846570015
