param,post_mean,post_sd,q05,q50,q95
nu,0.4499322881922126,0.3036049788357716,-0.05690351128578186,0.45652908086776733,0.9387769252061844
r,5.7080925537347795,1.019008786851004,4.071615266799927,5.698160648345947,7.427979636192322
muT,231.01441799926758,12.739150009611693,209.23059692382813,231.17504119873047,251.4318534851074
