measure,real_mean,sim_mean,correlation_across_participants
SFD,248.46444458007812,246.45401351718112,
GD,261.24366264343263,270.25227278900144,
TT,267.922453994751,370.10590132522583,
P_skip,0.05564736652236653,0.12454095418470419,
P_refix,0.09526710789210789,0.13140858997275162,
P_reg,0.10236066017316016,0.12923984041493114,
