measure,real_mean,sim_mean
SFD,204.05742150022272,204.1748547938832
GD,218.22919464111328,210.04187990824383
TT,218.5592385007624,215.32431003503632
P_skip,0.20170818460292145,0.11897323801929066
P_refix,0.09706558061821217,0.05217350216576223
P_reg,0.016342940685045947,0.08811361819295255
