param,correlation,coverage_90ci
muT,0.9936716279417864,1.0
nu,0.31879310257989346,0.9066666666666666
r,0.9229426697139431,0.9333333333333333
