param,correlation,coverage_90ci
beta,0.5590126241302565,0.88
muT,0.9974780788490432,0.944
nu,0.7329384637850709,0.916
r,0.9188403175843015,0.888
