param,correlation,coverage_90ci
beta,0.5205159280863201,0.8733333333333333
muT,0.9968253178617622,0.9533333333333334
nu,0.7137813646484419,0.9066666666666666
r,0.9032191702467349,0.9333333333333333
